-- phpMyAdmin SQL Dump

-- version 5.0.2

-- https://www.phpmyadmin.net/

--

-- Servidor: 127.0.0.1

-- Tiempo de generación: 01-06-2022 a las 16:21:57

-- Versión del servidor: 10.4.11-MariaDB

-- Versión de PHP: 7.4.4

SET SQL_MODE = "NO_AUTO_VALUE_ON_ZERO";

START TRANSACTION;

SET time_zone = "+00:00";

/*!40101 SET @OLD_CHARACTER_SET_CLIENT=@@CHARACTER_SET_CLIENT */

;

/*!40101 SET @OLD_CHARACTER_SET_RESULTS=@@CHARACTER_SET_RESULTS */

;

/*!40101 SET @OLD_COLLATION_CONNECTION=@@COLLATION_CONNECTION */

;

/*!40101 SET NAMES utf8mb4 */

;

--

-- Base de datos: `futbol`

--

-- --------------------------------------------------------

--

-- Estructura de tabla para la tabla `equipos`

--

CREATE TABLE `equipos` (
    `id` int(11) NOT NULL,
    `nombre` varchar(50) DEFAULT NULL,
    `fundacion` varchar(20) DEFAULT NULL,
    `presidente` varchar(50) DEFAULT NULL,
    `presupuesto` int(11) DEFAULT NULL,
    `equipacion` varchar(30) DEFAULT NULL,
    `foto_equipo` varchar(50) DEFAULT NULL,
    `foto_escudo` varchar(50) DEFAULT NULL,
    `pagina_web` varchar(50) DEFAULT NULL,
    `createdAt` datetime DEFAULT NULL,
    `updatedAt` datetime DEFAULT NULL
) ENGINE = MyISAM DEFAULT CHARSET = latin1;

--

-- Volcado de datos para la tabla `equipos`

--

INSERT INTO
    `equipos` (
        `id`,
        `nombre`,
        `fundacion`,
        `presidente`,
        `presupuesto`,
        `equipacion`,
        `foto_equipo`,
        `foto_escudo`,
        `pagina_web`,
        `createdAt`,
        `updatedAt`
    )
VALUES
    (
        1,
        'Real Madrid',
        '1902',
        'Florentino Pérez',
        225000000,
        'Blanco',
        'madrid_team.jpg',
        'realma.gif',
        'http://www.realmadrid.com',
        NULL,
        NULL
    ),
    (
        2,
        'Alavés',
        '1921',
        'Gonzalo Antón',
        12000000,
        'Azul y Blanca',
        'alaves_team.jpg',
        'alaves.gif',
        'http://www.alaves.com',
        NULL,
        NULL
    ),
    (
        3,
        'Athletic de Bilbao',
        '1898',
        'Javier Uría',
        35000000,
        'Roja y Blanca',
        'bilbao_team.jpg',
        'athl.gif',
        'http://www.athletic-club.es',
        NULL,
        NULL
    ),
    (
        4,
        'F.C. Barcelona',
        '1899',
        'Joan Gaspart',
        162700000,
        'Blaugrana',
        'barcelona_team.jpg',
        'barca.gif',
        'http://www.fcbarcelona.com',
        NULL,
        NULL
    ),
    (
        5,
        'Real Betis',
        '1907',
        'Manuel Ruiz de Lopera',
        48000000,
        'Verde y Blanca',
        'betis_team.jpg',
        'betis.gif',
        'http://www.realbetisbalompie.es',
        NULL,
        NULL
    ),
    (
        6,
        'Club Celta de Vigo',
        '1923',
        'Horacio Gómez',
        33000000,
        'AlbiCeleste',
        'celta_team.jpg',
        'celta.gif',
        'http://www.celtavigo.net',
        NULL,
        NULL
    ),
    (
        7,
        'Deportivo de la Coruña',
        '1906',
        'Augusto César Lendoiro',
        75000000,
        'BlanquiAzul',
        'depor_team.jpg',
        'depor.gif',
        'http://www.canaldeportivo.com',
        NULL,
        NULL
    ),
    (
        8,
        'Club Espanyol',
        '1900',
        'Daniel Sánchez Llibre',
        26000000,
        'Azul y Blanca',
        'espanol_team.jpg',
        'espanol.gif',
        'http://www.rcdespanyol.com',
        NULL,
        NULL
    ),
    (
        9,
        'Atlético de Madrid',
        '1903',
        'Enrique Cerezo',
        54000000,
        'RojiBlanca',
        'atletico_team.jpg',
        'atletico.gif',
        'http://www.clubatleticodemadrid.com',
        NULL,
        NULL
    ),
    (
        10,
        'Las Palmas',
        '1949',
        'Desconocido',
        6000000,
        'Amarillo y Azul',
        'laspalmas_team.jpg',
        'laspalmas.gif',
        'http://www.udlaspalmas.es',
        NULL,
        NULL
    ),
    (
        11,
        'Málaga',
        '1921',
        'Serafín Roldán',
        24000000,
        'Azul y Blanca',
        'malaga_team.jpg',
        'malaga.gif',
        'http://www.malagacf.es',
        NULL,
        NULL
    ),
    (
        12,
        'Mallorca',
        '1916',
        'Mateo Alemany',
        36000000,
        'Rojo y Negro',
        'mallorca_team.jpg',
        'mallorca.gif',
        'http://www.rcdmallorca.es',
        NULL,
        NULL
    ),
    (
        13,
        'Osasuna',
        '1920',
        'Patxi Izco',
        13000000,
        'Rojo y Negro',
        'osasuna_team.jpg',
        'osasu.gif',
        'http://www.osasuna.es',
        NULL,
        NULL
    ),
    (
        14,
        'Rayo Vallecano',
        '1924',
        'Teresa Rivero',
        12000000,
        'Blanco y Rojo',
        'rayo_team.jpg',
        'rayo.gif',
        'http://www.rayovallecano.es',
        NULL,
        NULL
    ),
    (
        15,
        'Real Sociedad',
        '1909',
        'José Luis Astiazarán',
        35000000,
        'Azul y Blanco',
        'sociedad_team.jpg',
        'realso.gif',
        'http://www.realsociedad.com',
        NULL,
        NULL
    ),
    (
        16,
        'Sevilla',
        '1905',
        'José María del Nido',
        24000000,
        'Rojo y Blanco',
        'sevilla_team.jpg',
        'sevilla.gif',
        'http://www.sevillafc.es',
        NULL,
        NULL
    ),
    (
        17,
        'Tenerife',
        '1922',
        'Desconocido',
        21000000,
        'Blanco y Azul',
        'tenerife_team.jpg',
        'tenerif.gif',
        'http://www.cdtenerife.com',
        NULL,
        NULL
    ),
    (
        18,
        'Valencia',
        '1919',
        'Jaime Ortí',
        90000000,
        'Blanco y Negro',
        'valencia_team.jpg',
        'valenci.gif',
        'http://www.valenciacf.es',
        NULL,
        NULL
    ),
    (
        19,
        'Valladolid',
        '1928',
        'Carlos Suárez',
        18000000,
        'Morado y Blanco',
        'valladolid_team.jpg',
        'vallad.gif',
        'http://www.realvalladolid.es',
        NULL,
        NULL
    ),
    (
        20,
        'Real Zaragoza',
        '1932',
        'Desconocido',
        18000000,
        'Blanco y Azul',
        'zaragoza_team.jpg',
        'zarago.gif',
        'http://www.realzaragoza.com',
        NULL,
        NULL
    ),
    (
        21,
        'Villarreal',
        '1923',
        'Fernando Roig',
        27000000,
        'Amarillo y Azul',
        'villareal_team.jpg',
        'villareal.gif',
        'http://www.villarrealcf.es',
        NULL,
        NULL
    );

-- --------------------------------------------------------

--

-- Estructura de tabla para la tabla `estadios`

--

CREATE TABLE `estadios` (
    `equipo_cod` int(11) DEFAULT NULL,
    `estadio_cod` int(11) DEFAULT NULL,
    `nombre` varchar(50) DEFAULT NULL,
    `direccion` varchar(50) DEFAULT NULL,
    `construccion` varchar(20) DEFAULT NULL,
    `aforo` int(11) DEFAULT NULL,
    `foto_estadio` varchar(50) DEFAULT NULL
) ENGINE = MyISAM DEFAULT CHARSET = latin1;

--

-- Volcado de datos para la tabla `estadios`

--

INSERT INTO
    `estadios` (
        `equipo_cod`,
        `estadio_cod`,
        `nombre`,
        `direccion`,
        `construccion`,
        `aforo`,
        `foto_estadio`
    )
VALUES
    (
        2,
        22,
        'MENDIZORROZA',
        'P. Cervantes',
        '1924',
        19200,
        'alaves_estad.gif'
    ),
    (
        3,
        23,
        'SAN MAMÉS',
        'C/Felipe Serrate',
        '1913',
        40000,
        'sanmames.gif'
    ),
    (
        4,
        24,
        'CAMP NOU',
        'Avd. Arístides Maillol',
        '1957',
        98600,
        'campnou.gif'
    ),
    (
        5,
        25,
        'RUIZ DE LOPERA',
        'Avd. Heliópolis',
        '1929',
        52500,
        'emrlopera.jpg'
    ),
    (
        6,
        26,
        'BALAÍDOS',
        'Avd. Balaídos',
        '1928',
        31800,
        'celtaestadio.gif'
    ),
    (
        7,
        27,
        'RIAZOR',
        'C/ Manuel Murgia',
        '1944',
        35600,
        'riazor.gif'
    ),
    (
        8,
        28,
        'OLÍMPICO LLUIS COMPANYS',
        'P. Olímpico, 17',
        '1989',
        56000,
        'espanyol_est.gif'
    ),
    (
        9,
        29,
        'VICENTE CALDERON',
        'P. Virgen del Puerto, 67',
        '1966',
        56163,
        'calderon.jpg'
    ),
    (
        10,
        30,
        'INSULAR',
        'C/Felipe Serrate',
        '1949',
        22000,
        'insular.gif'
    ),
    (
        11,
        31,
        'LA ROSALEDA',
        'P. Martiricos',
        '1941',
        25000,
        'rosaleda.jpg'
    ),
    (
        12,
        32,
        'SON MOIX',
        'Camí dels Reis',
        '1999',
        23142,
        'sonmoix.jpg'
    ),
    (
        13,
        33,
        'EL SADAR',
        'Ctra. El Sadar',
        '1967',
        19980,
        'osasuna_est.gif'
    ),
    (
        14,
        34,
        'TERESA RIVERO',
        'C/Payaso Fofó',
        '1976',
        15500,
        'rayoestadio.gif'
    ),
    (
        15,
        35,
        'ANOETA',
        'P. Anoeta, 1',
        '1993',
        32000,
        'anoeta.gif'
    ),
    (
        16,
        36,
        'SÁNCHEZ PIZJUÁN',
        'Avd. Eduardo Dato',
        '1958',
        45500,
        'pizjuan.jpg'
    ),
    (
        17,
        37,
        'HELIODORO RODRIGUEZ',
        'C/Payaso Fofó',
        '1965',
        25000,
        'heliodoro.jpg'
    ),
    (
        18,
        38,
        'MESTALLA',
        'Avd, de Suecia',
        '1923',
        49092,
        'mestalla.gif'
    ),
    (
        19,
        39,
        'NUEVO JOSÉ ZORRILLA',
        'Avd. Mundial 82',
        '1982',
        26512,
        'zorrilla.gif'
    ),
    (
        20,
        40,
        'LA ROMAREDA',
        'C/Gatito Lindo',
        '1978',
        35000,
        'romareda.gif'
    ),
    (
        21,
        41,
        'EL MADRIGAL',
        'Blasco Ibáñez, 2',
        '1923',
        22000,
        'madrigal.jpg'
    ),
    (
        1,
        42,
        'SANTIAGO BERNABEU',
        'Concha Espina, 1',
        '1963',
        78500,
        'bernabeu.gif'
    );

-- --------------------------------------------------------

--

-- Estructura de tabla para la tabla `jugadores`

--

CREATE TABLE `jugadores` (
    `equipo_cod` int(11) DEFAULT NULL,
    `id` int(11) NOT NULL,
    `nombre` varchar(50) DEFAULT NULL,
    `apellidos` varchar(50) DEFAULT NULL,
    `demarcacion` int(11) DEFAULT NULL,
    `nacionalidad` int(11) DEFAULT NULL,
    `numero_camiseta` int(11) DEFAULT NULL,
    `calidad` int(11) DEFAULT NULL,
    `velocidad` int(11) DEFAULT NULL,
    `vision` int(11) DEFAULT NULL,
    `nombre_jugador` varchar(50) DEFAULT NULL,
    `descripcion` varchar(150) DEFAULT NULL,
    `createdAt` datetime DEFAULT NULL,
    `updatedAt` datetime DEFAULT NULL
) ENGINE = MyISAM DEFAULT CHARSET = latin1;

--

-- Volcado de datos para la tabla `jugadores`

--

INSERT INTO
    `jugadores` (
        `equipo_cod`,
        `id`,
        `nombre`,
        `apellidos`,
        `demarcacion`,
        `nacionalidad`,
        `numero_camiseta`,
        `calidad`,
        `velocidad`,
        `vision`,
        `nombre_jugador`,
        `descripcion`,
        `createdAt`,
        `updatedAt`
    )
VALUES
    (
        18,
        374,
        'Cristian',
        'González',
        3,
        1,
        18,
        8,
        8,
        8,
        '\"KILY\" GONZALEZ',
        'Normal',
        NULL,
        NULL
    ),
    (
        13,
        257,
        'Leonel',
        'Fernando Gancedo',
        3,
        1,
        23,
        4,
        5,
        6,
        '\"PIPA\" GANCEDO',
        'Normal',
        NULL,
        NULL
    ),
    (
        4,
        71,
        'Abelardo',
        'Fernández Antuña',
        1,
        13,
        5,
        7,
        7,
        7,
        'ABELARDO',
        'Buen defensa, gran colocación, está al final de su carrera, jugador lento y duro',
        NULL,
        NULL
    ),
    (
        20,
        439,
        'Roberto',
        'Miguel Acuña',
        3,
        25,
        20,
        7,
        6,
        8,
        'ACUÑA',
        'Normal',
        NULL,
        NULL
    ),
    (
        8,
        174,
        'David',
        'Aganzo Mendez',
        3,
        13,
        17,
        4,
        5,
        5,
        'AGANZO',
        'Normal',
        NULL,
        NULL
    ),
    (
        20,
        431,
        'Xavier',
        'Aguado Companys',
        1,
        13,
        6,
        4,
        4,
        4,
        'AGUADO',
        'Normal',
        NULL,
        NULL
    ),
    (
        18,
        377,
        'Pablo',
        'Aimar',
        3,
        1,
        21,
        9,
        8,
        9,
        'AIMAR',
        'Normal',
        NULL,
        NULL
    ),
    (
        3,
        47,
        'Aitor',
        'Ocio Carrion',
        1,
        13,
        22,
        5,
        5,
        5,
        'AITOR OCIO',
        'Este ni siquiera juega, eterno suplente',
        NULL,
        NULL
    ),
    (
        18,
        371,
        'David',
        'Albelda Aliques',
        3,
        13,
        6,
        4,
        4,
        3,
        'ALBELDA',
        'Normal',
        NULL,
        NULL
    ),
    (
        15,
        291,
        'Alberto',
        'López Fernández',
        4,
        13,
        1,
        4,
        5,
        6,
        'ALBERTO',
        'Normal',
        NULL,
        NULL
    ),
    (
        10,
        196,
        'Andrés',
        'Alberto Hernández',
        3,
        13,
        14,
        5,
        5,
        5,
        'ALBERTO',
        'Normal',
        NULL,
        NULL
    ),
    (
        14,
        268,
        'Angel Luis',
        'Alcazar',
        1,
        13,
        6,
        5,
        4,
        4,
        'ALCAZAR',
        'Normal',
        NULL,
        NULL
    ),
    (
        15,
        306,
        'Alberto',
        'Alejandro',
        3,
        13,
        21,
        4,
        5,
        4,
        'ALEJANDRO',
        'Normal',
        NULL,
        NULL
    ),
    (
        8,
        168,
        'Alex',
        'Fernández Sánchez',
        3,
        13,
        22,
        3,
        5,
        1,
        'ALEX FERNANDEZ',
        'Normal',
        NULL,
        NULL
    ),
    (
        17,
        340,
        'J.A.',
        'Suarez Alexis',
        1,
        13,
        3,
        5,
        5,
        4,
        'ALEXIS',
        'Normal',
        NULL,
        NULL
    ),
    (
        16,
        321,
        'Alfonso',
        'Vera',
        3,
        34,
        21,
        2,
        2,
        2,
        'ALFONSO',
        'Normal',
        NULL,
        NULL
    ),
    (
        4,
        89,
        'Alfonso',
        'Pérez Muñoz',
        2,
        13,
        20,
        9,
        9,
        9,
        'ALFONSO',
        'Un gran delantero, está acabado, pero ha sido uno de los mejores en el uno contra uno, letal cerca del área',
        NULL,
        NULL
    ),
    (
        13,
        254,
        'Alfredo',
        'Sánchez Benito',
        3,
        13,
        6,
        5,
        4,
        1,
        'ALFREDO',
        'Normal',
        NULL,
        NULL
    ),
    (
        3,
        57,
        'Bittor',
        'Alkiza Fernández',
        3,
        13,
        18,
        7,
        8,
        8,
        'ALKIZA',
        'Al final de su carrera, gran mediocentro, buena visión de juego',
        NULL,
        NULL
    ),
    (
        3,
        48,
        'Rafael',
        'Alkorta Martínez',
        1,
        13,
        4,
        7,
        8,
        6,
        'ALKORTA',
        'Defensa al final de su carrera, muy veloz y con buena calidad, ya no es lo que era',
        NULL,
        NULL
    ),
    (
        13,
        264,
        'John',
        'Aloisi',
        2,
        2,
        20,
        5,
        5,
        5,
        'ALOISI',
        'Normal',
        NULL,
        NULL
    ),
    (
        1,
        19,
        'Alvaro',
        'Benito Villar',
        3,
        13,
        22,
        4,
        4,
        4,
        'ALVARO',
        'Promesa del Real Madrid, ha jugado pocos minutos',
        NULL,
        NULL
    ),
    (
        5,
        109,
        'Gabriel',
        'Amato',
        2,
        1,
        9,
        8,
        7,
        7,
        'AMATO',
        'Normal',
        NULL,
        NULL
    ),
    (
        7,
        147,
        'Jose Emilio',
        'Amavisca',
        3,
        13,
        11,
        6,
        5,
        5,
        'AMAVISCA',
        'Normal',
        NULL,
        NULL
    ),
    (
        21,
        417,
        'Guillermo',
        'Amor',
        3,
        13,
        17,
        7,
        6,
        7,
        'AMOR',
        'Normal',
        NULL,
        NULL
    ),
    (
        4,
        69,
        'Patrik',
        'Andersson',
        1,
        31,
        4,
        5,
        5,
        5,
        'ANDERSSON',
        'No me acuerdo quien es',
        NULL,
        NULL
    ),
    (
        10,
        190,
        'Angel',
        'López Ruano',
        3,
        13,
        31,
        1,
        1,
        1,
        'ANGEL',
        'Normal',
        NULL,
        NULL
    ),
    (
        18,
        364,
        'Jocelyn',
        'Angloma',
        1,
        15,
        20,
        7,
        9,
        8,
        'ANGLOMA',
        'Normal',
        NULL,
        NULL
    ),
    (
        18,
        378,
        'Miguel Angel',
        'Angulo',
        2,
        13,
        10,
        7,
        8,
        8,
        'ANGULO',
        'Normal',
        NULL,
        NULL
    ),
    (
        17,
        348,
        'Antonio',
        'Hidalgo',
        3,
        13,
        8,
        4,
        4,
        1,
        'ANTONIO',
        'Normal',
        NULL,
        NULL
    ),
    (
        19,
        394,
        'Antonio',
        'López Alvarez',
        1,
        13,
        15,
        3,
        2,
        1,
        'ANTONIO LOPEZ',
        'Normal',
        NULL,
        NULL
    ),
    (
        16,
        332,
        'Antoñito',
        'Ramiro',
        2,
        13,
        27,
        5,
        5,
        5,
        'ANTOÑITO',
        'Normal',
        NULL,
        NULL
    ),
    (
        20,
        440,
        'Santiago',
        'Aragón Martínez',
        3,
        13,
        8,
        7,
        6,
        8,
        'ARAGON',
        'Normal',
        NULL,
        NULL
    ),
    (
        15,
        300,
        'Mikel',
        'Aramburu Eizaguirre',
        3,
        13,
        11,
        4,
        4,
        6,
        'ARAMBURU',
        'Normal',
        NULL,
        NULL
    ),
    (
        15,
        293,
        'Agustín',
        'Aranzabal Alkorta',
        1,
        13,
        3,
        6,
        7,
        6,
        'ARANZABAL',
        'Normal',
        NULL,
        NULL
    ),
    (
        3,
        45,
        'David',
        'Aranzubia Jurado',
        4,
        13,
        25,
        5,
        6,
        6,
        'ARANZUBIA',
        'Pos no tengo ni idea',
        NULL,
        NULL
    ),
    (
        8,
        159,
        'Alfredo',
        'Argenso Da Silva',
        4,
        13,
        13,
        2,
        3,
        3,
        'ARGENSO',
        'Normal',
        NULL,
        NULL
    ),
    (
        13,
        262,
        'Mariano Andrés',
        'Armentano',
        2,
        1,
        11,
        7,
        5,
        5,
        'ARMENTANO',
        'Normal',
        NULL,
        NULL
    ),
    (
        11,
        202,
        'Francesc',
        'Arnau',
        4,
        13,
        25,
        1,
        1,
        1,
        'ARNAU',
        'Normal',
        NULL,
        NULL
    ),
    (
        21,
        410,
        'Becerri Rodolfo',
        'Martín Arruabarrena',
        1,
        1,
        3,
        5,
        5,
        6,
        'ARRUABARRENA',
        'Normal',
        NULL,
        NULL
    ),
    (
        14,
        284,
        'Moisés',
        'Arteaga',
        3,
        13,
        25,
        7,
        7,
        6,
        'ARTEAGA',
        'Normal',
        NULL,
        NULL
    ),
    (
        15,
        292,
        'Mattias',
        'Asper',
        4,
        31,
        13,
        5,
        5,
        5,
        'ASPER',
        'Normal',
        NULL,
        NULL
    ),
    (
        2,
        31,
        'Mauricio',
        'Astudillo Martín',
        3,
        1,
        18,
        5,
        4,
        6,
        'ASTUDILLO',
        'Mediocentro con bastante calidad y visión de juego',
        NULL,
        NULL
    ),
    (
        18,
        365,
        'Roberto',
        'Fabián Ayala',
        1,
        1,
        4,
        9,
        7,
        9,
        'AYALA',
        'Normal',
        NULL,
        NULL
    ),
    (
        14,
        274,
        'Jorge',
        'Azkoitia',
        1,
        13,
        18,
        4,
        4,
        5,
        'AZKOITIA',
        'Normal',
        NULL,
        NULL
    ),
    (
        21,
        411,
        'Sergio',
        'Martinez Ballesteros',
        1,
        13,
        23,
        5,
        6,
        6,
        'BALLESTEROS',
        'Normal',
        NULL,
        NULL
    ),
    (
        18,
        372,
        'Ruben',
        'Baraja Vegas',
        3,
        13,
        8,
        7,
        7,
        7,
        'BARAJA',
        'Normal',
        NULL,
        NULL
    ),
    (
        15,
        301,
        'José Javier',
        'Barkero',
        3,
        13,
        20,
        4,
        5,
        6,
        'BARKERO',
        'Normal',
        NULL,
        NULL
    ),
    (
        17,
        341,
        'Federico',
        'Basavilbaso',
        1,
        1,
        23,
        2,
        2,
        3,
        'BASAVILBASO',
        'Normal',
        NULL,
        NULL
    ),
    (
        5,
        100,
        'David',
        'Belenguer',
        3,
        13,
        12,
        4,
        4,
        4,
        'BELENGUER',
        'Normal',
        NULL,
        NULL
    ),
    (
        8,
        175,
        'Miguel Angel',
        'Benitez Pavón',
        2,
        13,
        10,
        6,
        8,
        6,
        'BENITEZ',
        'Normal',
        NULL,
        NULL
    ),
    (
        5,
        101,
        'Benjamin',
        'Zarandona',
        3,
        13,
        23,
        5,
        3,
        5,
        'BENJAMIN',
        'Normal',
        NULL,
        NULL
    ),
    (
        6,
        115,
        'Magnolo',
        'Eduardo Berizzo',
        1,
        1,
        6,
        5,
        5,
        5,
        'BERIZZO',
        'Normal',
        NULL,
        NULL
    ),
    (
        17,
        342,
        'David',
        'Bermudo',
        1,
        13,
        19,
        2,
        2,
        2,
        'BERMUDO',
        'Normal',
        NULL,
        NULL
    ),
    (
        21,
        412,
        'Ignacio',
        'Berruet',
        1,
        13,
        4,
        5,
        6,
        5,
        'BERRUET',
        'Normal',
        NULL,
        NULL
    ),
    (
        12,
        241,
        'Leonardo',
        'Angel Biagini',
        2,
        1,
        8,
        6,
        8,
        5,
        'BIAGINI',
        'Normal',
        NULL,
        NULL
    ),
    (
        17,
        349,
        'Manuel',
        'Albino',
        3,
        27,
        18,
        2,
        2,
        2,
        'BINO',
        'Normal',
        NULL,
        NULL
    ),
    (
        19,
        384,
        'Albano',
        'Benjamin Bizarri',
        4,
        1,
        25,
        5,
        7,
        5,
        'BIZARRI',
        'Normal',
        NULL,
        NULL
    ),
    (
        6,
        131,
        'Zvonimir',
        'Boban',
        3,
        12,
        16,
        9,
        6,
        8,
        'BOBAN',
        'Normal',
        NULL,
        NULL
    ),
    (
        14,
        287,
        'Elvir',
        'Bolic',
        2,
        5,
        11,
        5,
        4,
        3,
        'BOLIC',
        'Normal',
        NULL,
        NULL
    ),
    (
        14,
        288,
        'Jon',
        'Pérez Alonso',
        2,
        13,
        21,
        5,
        4,
        2,
        'BOLO',
        'Normal',
        NULL,
        NULL
    ),
    (
        4,
        67,
        'Roberto',
        'Oscar Bonano',
        4,
        1,
        1,
        5,
        7,
        7,
        'BONANO',
        'Al final de su carrera, portero al estilo argentino, en el uno contra uno es muy bueno',
        NULL,
        NULL
    ),
    (
        11,
        204,
        'Francisco',
        'Javier López',
        1,
        13,
        3,
        4,
        5,
        3,
        'BRAVO',
        'Normal',
        NULL,
        NULL
    ),
    (
        6,
        116,
        'Fernando',
        'Gabriel Caceres',
        1,
        1,
        4,
        7,
        5,
        7,
        'CACERES',
        'Normal',
        NULL,
        NULL
    ),
    (
        21,
        418,
        'Diego',
        'Martinez Cagna',
        3,
        1,
        10,
        5,
        5,
        4,
        'CAGNA',
        'Normal',
        NULL,
        NULL
    ),
    (
        5,
        106,
        'José',
        'Calado',
        3,
        27,
        5,
        4,
        4,
        4,
        'CALADO',
        'Normal',
        NULL,
        NULL
    ),
    (
        11,
        222,
        'Pablo',
        'Calandria',
        2,
        18,
        16,
        5,
        6,
        6,
        'CALANDRIA',
        'Normal',
        NULL,
        NULL
    ),
    (
        21,
        419,
        'Javier',
        'Calleja',
        3,
        13,
        22,
        3,
        2,
        4,
        'CALLEJA',
        'Normal',
        NULL,
        NULL
    ),
    (
        19,
        395,
        'José Luis',
        'Pérez Caminero',
        3,
        13,
        21,
        8,
        5,
        8,
        'CAMINERO',
        'Normal',
        NULL,
        NULL
    ),
    (
        11,
        220,
        'Manuel',
        'Canabal',
        2,
        13,
        24,
        4,
        3,
        2,
        'CANABAL',
        'Normal',
        NULL,
        NULL
    ),
    (
        13,
        259,
        'David',
        'Sánchez Cano',
        3,
        13,
        17,
        4,
        4,
        4,
        'CANO',
        'Normal',
        NULL,
        NULL
    ),
    (
        5,
        102,
        'Juan José',
        'Cañas',
        3,
        13,
        10,
        5,
        5,
        5,
        'CAÑAS',
        'Normal',
        NULL,
        NULL
    ),
    (
        18,
        361,
        'Santiago',
        'Cañizares Ruiz',
        4,
        13,
        1,
        7,
        8,
        7,
        'CAÑIZARES',
        'Normal',
        NULL,
        NULL
    ),
    (
        7,
        137,
        'Joan',
        'Capdevilla Méndez',
        1,
        13,
        15,
        1,
        1,
        1,
        'CAPDEVILLA',
        'Normal',
        NULL,
        NULL
    ),
    (
        5,
        103,
        'Jesus',
        'Capitan',
        3,
        13,
        14,
        3,
        3,
        3,
        'CAPI',
        'Normal',
        NULL,
        NULL
    ),
    (
        18,
        366,
        'Amedeo',
        'Carboni',
        1,
        18,
        15,
        4,
        8,
        4,
        'CARBONI',
        'Normal',
        NULL,
        NULL
    ),
    (
        18,
        379,
        'John',
        'Carew',
        2,
        23,
        7,
        6,
        8,
        7,
        'CAREW',
        'Normal',
        NULL,
        NULL
    ),
    (
        12,
        243,
        'Carlos',
        'Domínguez Domínguez',
        2,
        13,
        7,
        5,
        6,
        5,
        'CARLOS',
        'Normal',
        NULL,
        NULL
    ),
    (
        3,
        49,
        'Carlos',
        'García García',
        1,
        13,
        5,
        5,
        5,
        5,
        'CARLOS GARCIA',
        'Mediocentro con muy buena subida ofensiva al ataque',
        NULL,
        NULL
    ),
    (
        5,
        110,
        'Gaston',
        'Casas',
        2,
        1,
        19,
        7,
        7,
        7,
        'CASAS',
        'Normal',
        NULL,
        NULL
    ),
    (
        1,
        1,
        'Iker',
        'Casillas Fernández',
        4,
        13,
        1,
        9,
        8,
        9,
        'CASILLAS',
        'Portero rápido y con excelente agilidad, uno de los mejores del mundo.  Falla por arriba.',
        NULL,
        NULL
    ),
    (
        16,
        322,
        'Francisco',
        'Casquero',
        3,
        13,
        22,
        5,
        5,
        5,
        'CASQUERO',
        'Normal',
        NULL,
        NULL
    ),
    (
        5,
        104,
        'Francisco Javier',
        'Castaño',
        3,
        13,
        8,
        5,
        3,
        5,
        'CASTAÑO',
        'Normal',
        NULL,
        NULL
    ),
    (
        6,
        133,
        'Henrique',
        'Da Silva',
        2,
        6,
        24,
        5,
        8,
        5,
        'CATANHA',
        'Normal',
        NULL,
        NULL
    ),
    (
        6,
        113,
        'Pablo',
        'Cavallero Rodriguez',
        4,
        1,
        1,
        5,
        2,
        5,
        'CAVALLERO',
        'Normal',
        NULL,
        NULL
    ),
    (
        1,
        12,
        'Albert',
        'Celades López',
        3,
        13,
        20,
        6,
        5,
        6,
        'CELADES',
        'Mediocentro lento, con poca calidad, pero con visión de juego y recuperador de balones',
        NULL,
        NULL
    ),
    (
        1,
        2,
        'Cesar',
        'Sánchez Domínguez',
        4,
        13,
        25,
        7,
        7,
        6,
        'CESAR',
        'Segundo portero del Real Madrid, ágil, grandes reflejos, pero juega poco',
        NULL,
        NULL
    ),
    (
        5,
        111,
        'Cesar',
        'De Loma',
        2,
        13,
        11,
        2,
        2,
        2,
        'CESAR',
        'Normal',
        NULL,
        NULL
    ),
    (
        7,
        140,
        'Cesar',
        'Martín Villar',
        1,
        13,
        5,
        5,
        5,
        5,
        'CESAR',
        'Normal',
        NULL,
        NULL
    ),
    (
        20,
        446,
        'Carlos',
        'Narciso Chainho',
        3,
        27,
        15,
        5,
        4,
        4,
        'CHAINHO',
        'Normal',
        NULL,
        NULL
    ),
    (
        17,
        343,
        'David',
        'Charcos',
        1,
        13,
        21,
        4,
        4,
        4,
        'CHARCOS',
        'Normal',
        NULL,
        NULL
    ),
    (
        19,
        396,
        'José Manuel',
        'Jiménez',
        3,
        13,
        14,
        4,
        5,
        4,
        'CHEMA',
        'Normal',
        NULL,
        NULL
    ),
    (
        4,
        70,
        'Philippe',
        'Christanval',
        1,
        15,
        17,
        6,
        5,
        5,
        'CHRISTANVAL',
        'Fichaje penoso del barsa, ninguna calidad, poca colocación y lento, no sé de donde lo han sacado',
        NULL,
        NULL
    ),
    (
        10,
        181,
        'Zelko',
        'Cicovic',
        4,
        35,
        1,
        3,
        2,
        1,
        'CICOVIC',
        'Normal',
        NULL,
        NULL
    ),
    (
        19,
        397,
        'Dragan',
        'Ciric',
        3,
        35,
        7,
        4,
        4,
        3,
        'CIRIC',
        'Normal',
        NULL,
        NULL
    ),
    (
        4,
        76,
        'Philip John',
        'William Cocu',
        3,
        17,
        8,
        6,
        7,
        5,
        'COCU',
        'Mediocentro con clase, sabe colocarse, pero no es redondo, lo siento barsa',
        NULL,
        NULL
    ),
    (
        6,
        117,
        'Pablo',
        'Coira Lojo',
        1,
        13,
        18,
        5,
        5,
        5,
        'COIRA',
        'Normal',
        NULL,
        NULL
    ),
    (
        2,
        27,
        'Fabricio',
        'Coloccini',
        1,
        1,
        2,
        6,
        5,
        4,
        'COLOCCINI',
        'Muy buen defensa argentino, colocación, calidad, rapidez y dureza sin pasarse',
        NULL,
        NULL
    ),
    (
        11,
        201,
        'Pedro',
        'Contreras González',
        4,
        13,
        13,
        6,
        5,
        3,
        'CONTRERAS',
        'Normal',
        NULL,
        NULL
    ),
    (
        14,
        269,
        'Sergio',
        'Corino',
        1,
        13,
        20,
        4,
        4,
        4,
        'CORINO',
        'Normal',
        NULL,
        NULL
    ),
    (
        14,
        270,
        'Jesus',
        'Diego Cota',
        1,
        13,
        2,
        6,
        6,
        5,
        'COTA',
        'Normal',
        NULL,
        NULL
    ),
    (
        21,
        425,
        'Gheorghe',
        'Craioveanu',
        2,
        28,
        8,
        7,
        7,
        7,
        'CRAIOVEANU',
        'Normal',
        NULL,
        NULL
    ),
    (
        5,
        99,
        'Diego',
        'Crosa',
        1,
        13,
        4,
        6,
        5,
        5,
        'CROSA',
        'Normal',
        NULL,
        NULL
    ),
    (
        13,
        248,
        'César',
        'Cruchaga Lasa',
        1,
        13,
        7,
        5,
        6,
        5,
        'CRUCHAGA',
        'Normal',
        NULL,
        NULL
    ),
    (
        20,
        432,
        'Carlos',
        'Cuartero Laforga',
        1,
        13,
        4,
        5,
        5,
        5,
        'CUARTERO',
        'Normal',
        NULL,
        NULL
    ),
    (
        19,
        406,
        'Cuauhtemoc',
        'Blanco Bravo',
        2,
        21,
        11,
        5,
        2,
        5,
        'CUAUHTEMOC',
        'Normal',
        NULL,
        NULL
    ),
    (
        18,
        368,
        'Curro',
        'Torres Ruiz',
        1,
        13,
        23,
        4,
        5,
        4,
        'CURRO TORRES',
        'Normal',
        NULL,
        NULL
    ),
    (
        17,
        351,
        'Dani',
        'González',
        3,
        13,
        7,
        4,
        2,
        2,
        'DANI',
        'Normal',
        NULL,
        NULL
    ),
    (
        4,
        85,
        'Daniel',
        'García Lara',
        2,
        13,
        19,
        6,
        6,
        6,
        'DANI',
        'Delantero que ha destrozado su carrera',
        NULL,
        NULL
    ),
    (
        11,
        221,
        'Debray',
        'Dario Silva Pereira',
        2,
        34,
        9,
        6,
        7,
        6,
        'DARIO SILVA',
        'Normal',
        NULL,
        NULL
    ),
    (
        16,
        315,
        'David',
        'Castero',
        1,
        13,
        3,
        4,
        4,
        4,
        'DAVID',
        'Normal',
        NULL,
        NULL
    ),
    (
        8,
        160,
        'David',
        'Garcia',
        4,
        13,
        19,
        2,
        2,
        2,
        'DAVID GARCIA',
        'Normal',
        NULL,
        NULL
    ),
    (
        4,
        72,
        'Frank',
        'De Boer',
        1,
        17,
        3,
        7,
        7,
        7,
        'DE BOER',
        'Central muy rápido y con gran tiro y gol',
        NULL,
        NULL
    ),
    (
        2,
        33,
        'Sergio',
        'De la Cruz Suarez',
        3,
        13,
        27,
        4,
        4,
        5,
        'DE LA CRUZ',
        'Pos no sé',
        NULL,
        NULL
    ),
    (
        18,
        375,
        'Gonzalo',
        'De los Santos',
        3,
        34,
        22,
        8,
        7,
        8,
        'DE LOS SANTOS',
        'Normal',
        NULL,
        NULL
    ),
    (
        8,
        176,
        'Enrique',
        'De Lucas Martinez',
        2,
        13,
        14,
        7,
        6,
        8,
        'DE LUCAS',
        'Normal',
        NULL,
        NULL
    ),
    (
        15,
        310,
        'Oscar',
        'De Paula Gamero',
        2,
        13,
        9,
        5,
        4,
        4,
        'DE PAULA',
        'Normal',
        NULL,
        NULL
    ),
    (
        15,
        302,
        'Francisco Javier',
        'De Pedro',
        3,
        13,
        10,
        8,
        8,
        9,
        'DE PEDRO',
        'Normal',
        NULL,
        NULL
    ),
    (
        14,
        271,
        'Ramón',
        'De Quintana Dalmau',
        1,
        13,
        4,
        5,
        5,
        6,
        'DE QUINTANA',
        'Normal',
        NULL,
        NULL
    ),
    (
        3,
        55,
        'Asier',
        'Del Horno Cosgaya',
        1,
        13,
        19,
        4,
        4,
        4,
        'DEL HORNO',
        'Promesa del futbol bilbaino, impetuoso',
        NULL,
        NULL
    ),
    (
        11,
        223,
        'Julio César',
        'Dely Valdes',
        2,
        24,
        7,
        8,
        8,
        6,
        'DELY VALDES',
        'Normal',
        NULL,
        NULL
    ),
    (
        15,
        311,
        'Demetrdze',
        'Siordd',
        2,
        33,
        7,
        3,
        2,
        1,
        'DEMETRADZE',
        'Normal',
        NULL,
        NULL
    ),
    (
        5,
        105,
        'Denilson',
        'De Oliveira',
        3,
        6,
        16,
        8,
        8,
        8,
        'DENILSON',
        'Normal',
        NULL,
        NULL
    ),
    (
        2,
        34,
        'Hermes',
        'Aldo Desio',
        3,
        1,
        16,
        7,
        6,
        5,
        'DESIO',
        'Brasileño estilo duro, cortador del juego',
        NULL,
        NULL
    ),
    (
        7,
        156,
        'Diego',
        'Tristan Herrera',
        2,
        13,
        9,
        7,
        5,
        4,
        'DIEGO TRISTAN',
        'Normal',
        NULL,
        NULL
    ),
    (
        7,
        149,
        'Djalma',
        'Feitosa Díaz',
        3,
        6,
        8,
        10,
        7,
        10,
        'DJALMINHA',
        'Normal',
        NULL,
        NULL
    ),
    (
        7,
        138,
        'Goran',
        'Djorovic',
        1,
        35,
        19,
        1,
        1,
        1,
        'DJOROVIC',
        'Normal',
        NULL,
        NULL
    ),
    (
        18,
        367,
        'Miroslav',
        'Djukic',
        1,
        35,
        5,
        8,
        6,
        7,
        'DJUKIC',
        'Normal',
        NULL,
        NULL
    ),
    (
        7,
        141,
        'Donato',
        'Gama da Silva',
        1,
        6,
        20,
        8,
        5,
        6,
        'DONATO',
        'Normal',
        NULL,
        NULL
    ),
    (
        6,
        122,
        'Doriva',
        'Guidoni Junior',
        3,
        6,
        15,
        6,
        7,
        6,
        'DORIVA',
        'Normal',
        NULL,
        NULL
    ),
    (
        20,
        451,
        'Goran',
        'Drulic',
        2,
        35,
        22,
        1,
        2,
        2,
        'DRULIC',
        'Normal',
        NULL,
        NULL
    ),
    (
        11,
        212,
        'Sergio',
        'Barbosa Duda',
        3,
        27,
        22,
        2,
        3,
        2,
        'DUDA',
        'Normal',
        NULL,
        NULL
    ),
    (
        7,
        150,
        'Aldo',
        'Pedro Duscher',
        3,
        1,
        23,
        5,
        5,
        5,
        'DUSCHER',
        'Normal',
        NULL,
        NULL
    ),
    (
        11,
        213,
        'Edgar',
        'Carvalho',
        3,
        27,
        10,
        4,
        5,
        2,
        'EDGAR',
        'Normal',
        NULL,
        NULL
    ),
    (
        6,
        123,
        'Luis',
        'Eduardo Schmidt',
        2,
        6,
        19,
        7,
        8,
        6,
        'EDÚ',
        'Normal',
        NULL,
        NULL
    ),
    (
        10,
        191,
        'Edu',
        'Alonso Alvarz',
        3,
        13,
        21,
        2,
        1,
        3,
        'EDU ALONSO',
        'Normal',
        NULL,
        NULL
    ),
    (
        2,
        28,
        'Dan',
        'Eggen',
        1,
        23,
        4,
        5,
        5,
        5,
        'EGGEN',
        'No sé como juega con la bola',
        NULL,
        NULL
    ),
    (
        10,
        192,
        'Eloy',
        'Jimenez',
        3,
        13,
        7,
        2,
        3,
        3,
        'ELOY',
        'Normal',
        NULL,
        NULL
    ),
    (
        7,
        151,
        'Emerson',
        'Moisés Costa',
        3,
        6,
        14,
        2,
        3,
        2,
        'EMERSON',
        'Normal',
        NULL,
        NULL
    ),
    (
        12,
        235,
        'Vicente',
        'Engonga Maté',
        3,
        13,
        23,
        6,
        6,
        7,
        'ENGONGA',
        'Normal',
        NULL,
        NULL
    ),
    (
        21,
        420,
        'Gerard',
        'Revilla Escoda',
        3,
        13,
        7,
        3,
        2,
        1,
        'ESCODA',
        'Normal',
        NULL,
        NULL
    ),
    (
        20,
        437,
        'José',
        'De Araujo Esquerdinha',
        1,
        6,
        25,
        2,
        2,
        2,
        'ESQUERDINHA',
        'Normal',
        NULL,
        NULL
    ),
    (
        12,
        244,
        'Samuel',
        'EtoŽo',
        2,
        8,
        9,
        7,
        8,
        7,
        'ETOÓ',
        'Normal',
        NULL,
        NULL
    ),
    (
        3,
        65,
        'Joseba',
        'Etxeberria Lizardi',
        2,
        13,
        17,
        7,
        6,
        7,
        'ETXEBERRIA',
        'Muy buen extremo diestro, velocidad y sabe irse en el uno contra uno, abusa mucho del regate y del balón',
        NULL,
        NULL
    ),
    (
        14,
        266,
        'Imanol',
        'Etxeberria',
        4,
        13,
        1,
        4,
        4,
        4,
        'ETXEBERRIA',
        'Normal',
        NULL,
        NULL
    ),
    (
        19,
        398,
        'Eusebio',
        'Sacristán Mena',
        3,
        13,
        10,
        7,
        5,
        5,
        'EUSEBIO',
        'Normal',
        NULL,
        NULL
    ),
    (
        3,
        64,
        'Santiago',
        'Ezquerro Martín',
        2,
        13,
        9,
        4,
        5,
        4,
        'EZQUERRO',
        'Buen delantero, tiene calidad en el uno contra uno, es mejor pasador que goleador',
        NULL,
        NULL
    ),
    (
        18,
        369,
        'Fabio',
        'Aurelio Rodrigues',
        1,
        6,
        3,
        3,
        3,
        3,
        'FABIO AURELIO',
        'Normal',
        NULL,
        NULL
    ),
    (
        12,
        228,
        'Faith',
        'Akiel',
        1,
        32,
        4,
        2,
        3,
        3,
        'FAITH',
        'Normal',
        NULL,
        NULL
    ),
    (
        3,
        58,
        'Felipe',
        'Gurendez Aldamondo',
        3,
        13,
        15,
        4,
        4,
        4,
        'FELIPE',
        'No sé ni quien es',
        NULL,
        NULL
    ),
    (
        19,
        399,
        'Fernando',
        'Fernández Escribano',
        3,
        13,
        24,
        7,
        5,
        6,
        'FERNANDO',
        'Normal',
        NULL,
        NULL
    ),
    (
        12,
        229,
        'Fernando',
        'Niño Bejarano',
        1,
        13,
        5,
        4,
        3,
        2,
        'FERNANDO NIÑO',
        'Normal',
        NULL,
        NULL
    ),
    (
        19,
        400,
        'Fernando',
        'Sales de los Cobos',
        3,
        13,
        22,
        5,
        4,
        4,
        'FERNANDO SALES',
        'Normal',
        NULL,
        NULL
    ),
    (
        11,
        206,
        'Fernando',
        'Sanz Durán',
        1,
        13,
        19,
        4,
        4,
        4,
        'FERNANDO SANZ',
        'Normal',
        NULL,
        NULL
    ),
    (
        9,
        453,
        'Fernando',
        'Torres',
        2,
        13,
        9,
        8,
        9,
        8,
        'FERNANDO TORRES',
        'Jugador revelación en 2000, mucha velocidad y calidad',
        NULL,
        NULL
    ),
    (
        20,
        441,
        'Jordi',
        'Ferrón Forné',
        3,
        13,
        18,
        6,
        6,
        5,
        'FERRON',
        'Normal',
        NULL,
        NULL
    ),
    (
        1,
        13,
        'Luis',
        'Filipe Madeira',
        3,
        27,
        10,
        9,
        8,
        8,
        'FIGO',
        'Extremo derecho con un regate excelente.  gran jugador uno contra uno y muy buen centrador.  Luchador',
        NULL,
        NULL
    ),
    (
        5,
        93,
        'Julian',
        'Sebastián Filipescu',
        1,
        28,
        21,
        5,
        5,
        5,
        'FILIPESCU',
        'Normal',
        NULL,
        NULL
    ),
    (
        1,
        14,
        'Flavio',
        'Conceiçao',
        3,
        6,
        16,
        3,
        3,
        3,
        'FLAVIO',
        'Brasileño con buena calidad, pero no encaja el juego español, duro y buen disparo',
        NULL,
        NULL
    ),
    (
        7,
        152,
        'Francisco',
        'González Pérez',
        3,
        13,
        10,
        8,
        6,
        9,
        'FRAN',
        'Normal',
        NULL,
        NULL
    ),
    (
        8,
        162,
        'Fran',
        'Figueroa Alonso',
        1,
        13,
        2,
        5,
        5,
        5,
        'FRAN',
        'Normal',
        NULL,
        NULL
    ),
    (
        16,
        323,
        'Francisco',
        'Lama',
        3,
        13,
        8,
        1,
        1,
        1,
        'FRANCISCO',
        'Normal',
        NULL,
        NULL
    ),
    (
        16,
        324,
        'Alfredo',
        'Lobeira',
        3,
        13,
        10,
        3,
        3,
        3,
        'FREDI',
        'Normal',
        NULL,
        NULL
    ),
    (
        15,
        303,
        'Igor',
        'Gabilondo del Campo',
        3,
        13,
        17,
        7,
        5,
        6,
        'GABILONDO',
        'Normal',
        NULL,
        NULL
    ),
    (
        4,
        77,
        'Gabriel',
        'García de la Torre',
        3,
        13,
        18,
        3,
        3,
        3,
        'GABRI',
        'Lateral diestro con poca calidad y velocidad, no sé que hace en el barsa',
        NULL,
        NULL
    ),
    (
        21,
        423,
        'Constantino',
        'Galca',
        3,
        28,
        5,
        7,
        6,
        5,
        'GALCA',
        'Normal',
        NULL,
        NULL
    ),
    (
        16,
        333,
        'Francisco',
        'Gallardo',
        2,
        13,
        7,
        5,
        4,
        4,
        'GALLARDO',
        'Normal',
        NULL,
        NULL
    ),
    (
        20,
        450,
        'Luciano',
        'Galleti',
        2,
        1,
        24,
        1,
        1,
        1,
        'GALLETI',
        'Normal',
        NULL,
        NULL
    ),
    (
        21,
        413,
        'Michelena',
        'Jesús Galván',
        1,
        13,
        14,
        4,
        5,
        5,
        'GALVAN',
        'Normal',
        NULL,
        NULL
    ),
    (
        20,
        442,
        'Ander',
        'Garitano Urquizu',
        3,
        13,
        10,
        4,
        7,
        7,
        'GARITANO',
        'Normal',
        NULL,
        NULL
    ),
    (
        19,
        390,
        'Gaspar',
        'Gálvez',
        1,
        13,
        4,
        4,
        5,
        5,
        'GASPAR',
        'Normal',
        NULL,
        NULL
    ),
    (
        5,
        90,
        'Ronald',
        'Gaspersic',
        4,
        3,
        13,
        4,
        4,
        4,
        'GASPERSIC',
        'Normal',
        NULL,
        NULL
    ),
    (
        2,
        35,
        'Delfi',
        'Geli Roura',
        3,
        13,
        7,
        4,
        4,
        4,
        'GELI',
        'Lateral derecho con gran fuerza y velocidad. Al final de su carrera',
        NULL,
        NULL
    ),
    (
        4,
        82,
        'Geovanni',
        'Deiberson Mauricio',
        3,
        6,
        22,
        1,
        2,
        2,
        'GEOVANNI',
        'Este ya no juega, brasileño y con calidad',
        NULL,
        NULL
    ),
    (
        4,
        78,
        'Gerard',
        'López Segú',
        3,
        13,
        14,
        7,
        5,
        7,
        'GERARD',
        'Gran calidad y visión de juego, pero no encaja en el equipo',
        NULL,
        NULL
    ),
    (
        11,
        214,
        'Gerardo',
        'García',
        3,
        13,
        15,
        4,
        4,
        4,
        'GERARDO',
        'Normal',
        NULL,
        NULL
    ),
    (
        1,
        4,
        'Geremi',
        'Nitjap Fotso',
        1,
        8,
        15,
        3,
        3,
        3,
        'GEREMI',
        'Jugador con muy poca técnica, pero fuerte y veloz',
        NULL,
        NULL
    ),
    (
        17,
        352,
        'German',
        'García Yanes',
        3,
        13,
        24,
        4,
        5,
        5,
        'GERMAN',
        'Normal',
        NULL,
        NULL
    ),
    (
        6,
        124,
        'Everton',
        'Giovanella',
        3,
        6,
        5,
        7,
        7,
        8,
        'GIOVANELLA',
        'Normal',
        NULL,
        NULL
    ),
    (
        14,
        290,
        'Glaucio',
        'De Jesús Carvalho',
        2,
        6,
        16,
        5,
        2,
        4,
        'GLAUCIO',
        'Normal',
        NULL,
        NULL
    ),
    (
        3,
        60,
        'Javier',
        'Gonzalez Gómez',
        3,
        13,
        11,
        5,
        5,
        5,
        'GONZALEZ',
        'Ni idea',
        NULL,
        NULL
    ),
    (
        21,
        421,
        'Xavier',
        'Gracia',
        3,
        13,
        6,
        3,
        5,
        4,
        'GRACIA',
        'Normal',
        NULL,
        NULL
    ),
    (
        14,
        276,
        'Patricio',
        'Graff',
        1,
        1,
        29,
        3,
        4,
        2,
        'GRAFF',
        'Normal',
        NULL,
        NULL
    ),
    (
        14,
        286,
        'Emir',
        'Granov',
        2,
        5,
        12,
        5,
        4,
        4,
        'GRANOV',
        'Normal',
        NULL,
        NULL
    ),
    (
        21,
        427,
        'Antonio',
        'Guayre Betancor',
        2,
        13,
        19,
        8,
        7,
        8,
        'GUAYRE',
        'Normal',
        NULL,
        NULL
    ),
    (
        3,
        59,
        'Julen',
        'Guerrero López',
        3,
        13,
        8,
        6,
        5,
        6,
        'GUERRERO',
        'Alma del Bilbao, jugador clave, poco luchador, pero con calidad, al final de su carrera',
        NULL,
        NULL
    ),
    (
        15,
        295,
        'Zuhaitz',
        'Gurrutxaga Loiola',
        1,
        13,
        15,
        4,
        3,
        4,
        'GURRUTXAGA',
        'Normal',
        NULL,
        NULL
    ),
    (
        6,
        125,
        'Pablo',
        'Gustavo Lopez',
        3,
        1,
        11,
        9,
        7,
        8,
        'GUSTAVO LOPEZ',
        'Normal',
        NULL,
        NULL
    ),
    (
        1,
        15,
        'Jose',
        'Maria Gutierrez',
        3,
        13,
        14,
        7,
        6,
        6,
        'GUTI',
        'Mucha calidad, poco trabajo fisico pero con buena visión de juego, eterno suplente',
        NULL,
        NULL
    ),
    (
        19,
        402,
        'John',
        'Harold Lozano',
        3,
        11,
        20,
        2,
        6,
        3,
        'HAROLD LOZANO',
        'Normal',
        NULL,
        NULL
    ),
    (
        7,
        139,
        'Hector',
        'Berenguer del Pino',
        1,
        13,
        24,
        1,
        1,
        1,
        'HECTOR',
        'Normal',
        NULL,
        NULL
    ),
    (
        7,
        142,
        'Helder',
        'Rodrigues Cristovao',
        1,
        27,
        22,
        4,
        4,
        4,
        'HELDER',
        'Normal',
        NULL,
        NULL
    ),
    (
        14,
        277,
        'Helder',
        'Manuel Elias Domingo',
        3,
        27,
        24,
        4,
        2,
        3,
        'HELDER',
        'Normal',
        NULL,
        NULL
    ),
    (
        14,
        273,
        'Jean',
        'Françoise Hernandez',
        1,
        13,
        17,
        5,
        6,
        5,
        'HERNANDEZ',
        'Normal',
        NULL,
        NULL
    ),
    (
        1,
        5,
        'Fernando',
        'Ruiz Hierro',
        1,
        13,
        4,
        7,
        5,
        7,
        'HIERRO',
        'Jugador mayor, al final de su carrera deportiva, pero un defensa mitico',
        NULL,
        NULL
    ),
    (
        17,
        356,
        'Hugo',
        'Morales',
        2,
        1,
        10,
        5,
        7,
        5,
        'HUGO MORALES',
        'Normal',
        NULL,
        NULL
    ),
    (
        12,
        236,
        'Ariel Miguel',
        'Santiago Ibagaza',
        3,
        1,
        10,
        8,
        7,
        8,
        'IBAGAZA',
        'Normal',
        NULL,
        NULL
    ),
    (
        13,
        250,
        'Iban',
        'Pérez Pascual',
        1,
        13,
        3,
        4,
        5,
        5,
        'IBAN PEREZ',
        'Normal',
        NULL,
        NULL
    ),
    (
        2,
        36,
        'Ibon',
        'Begoña Zubiarre',
        3,
        13,
        3,
        5,
        6,
        5,
        'IBON BEGOÑA',
        'Muy buen jugador y buena calidad, muy buena llegada al área',
        NULL,
        NULL
    ),
    (
        17,
        337,
        'Ibraihm',
        'Jorge Cruz',
        4,
        13,
        25,
        1,
        1,
        1,
        'IBRAIHM',
        'Normal',
        NULL,
        NULL
    ),
    (
        15,
        304,
        'Iñigo',
        'Idiakez Barkaiztegui',
        3,
        13,
        18,
        7,
        7,
        7,
        'IDIAKEZ',
        'Normal',
        NULL,
        NULL
    ),
    (
        5,
        112,
        'Viktor',
        'Ikpeba',
        2,
        22,
        25,
        2,
        7,
        4,
        'IKPEBA',
        'Normal',
        NULL,
        NULL
    ),
    (
        18,
        380,
        'Adrian',
        'Ilie',
        2,
        28,
        11,
        8,
        6,
        7,
        'ILIE',
        'Normal',
        NULL,
        NULL
    ),
    (
        5,
        107,
        'Antonio',
        'Alvarez Ito',
        3,
        13,
        15,
        7,
        7,
        8,
        'ITO',
        'Normal',
        NULL,
        NULL
    ),
    (
        2,
        41,
        'Ivan',
        'Alonso',
        2,
        13,
        19,
        2,
        2,
        2,
        'IVAN ALONSO',
        'Buen delantero, sabe buscar y recuperar el balón',
        NULL,
        NULL
    ),
    (
        1,
        6,
        'Ivan',
        'Campo Ramos',
        1,
        13,
        12,
        5,
        5,
        5,
        'IVAN CAMPO',
        'Destaca por su rápidez y por su dureza, poca colocación y rapidez',
        NULL,
        NULL
    ),
    (
        8,
        167,
        'Ivan',
        'Diaz Ruiz',
        3,
        13,
        21,
        5,
        4,
        3,
        'IVAN DIAZ',
        'Normal',
        NULL,
        NULL
    ),
    (
        1,
        10,
        'Ivan',
        'Helguera Bujía',
        3,
        13,
        6,
        9,
        7,
        9,
        'IVAN HELGUERA',
        'Gran central. Es rápido, con gran colocación y un gran rendimiento físico.  Gran calidad.',
        NULL,
        NULL
    ),
    (
        14,
        278,
        'Ivan',
        'Iglesias Corteguera',
        3,
        13,
        7,
        6,
        6,
        6,
        'IVAN IGLESIAS',
        'Normal',
        NULL,
        NULL
    ),
    (
        13,
        263,
        'Ivan',
        'Rosado Mojarro',
        2,
        13,
        9,
        3,
        2,
        2,
        'IVAN ROSADO',
        'Normal',
        NULL,
        NULL
    ),
    (
        11,
        207,
        'Raúl',
        'Iznata Zabala',
        1,
        13,
        6,
        4,
        4,
        4,
        'IZNATA',
        'Normal',
        NULL,
        NULL
    ),
    (
        10,
        184,
        'Jaime Ramón',
        'Molina Mata',
        1,
        13,
        23,
        5,
        4,
        4,
        'JAIME MOLINA',
        'Normal',
        NULL,
        NULL
    ),
    (
        20,
        448,
        'Paulo',
        'Roberto',
        2,
        6,
        3,
        3,
        3,
        3,
        'JAMELLI',
        'Normal',
        NULL,
        NULL
    ),
    (
        15,
        312,
        'Edgaras',
        'Jankauskas',
        2,
        19,
        22,
        3,
        2,
        1,
        'JANKAUSKAS',
        'Normal',
        NULL,
        NULL
    ),
    (
        17,
        344,
        'Javi',
        'Lopez',
        1,
        13,
        22,
        2,
        2,
        2,
        'JAVI LOPEZ',
        'Normal',
        NULL,
        NULL
    ),
    (
        16,
        316,
        'Javi',
        'Vicente Navarro',
        1,
        13,
        2,
        5,
        4,
        4,
        'JAVI NAVARRO',
        'Normal',
        NULL,
        NULL
    ),
    (
        17,
        350,
        'Javi',
        'Venta',
        3,
        13,
        12,
        4,
        2,
        4,
        'JAVI VENTA',
        'Normal',
        NULL,
        NULL
    ),
    (
        6,
        126,
        'Jesus',
        'A.Mora Nieto',
        3,
        13,
        20,
        8,
        6,
        5,
        'JESULI',
        'Normal',
        NULL,
        NULL
    ),
    (
        19,
        401,
        'Jesús',
        'Sánchez Japón',
        3,
        13,
        16,
        3,
        5,
        3,
        'JESUS',
        'Normal',
        NULL,
        NULL
    ),
    (
        5,
        108,
        'Joaquin',
        'Sanchez',
        3,
        13,
        17,
        6,
        7,
        6,
        'JOAQUIN',
        'Normal',
        NULL,
        NULL
    ),
    (
        19,
        385,
        'Jon',
        'Ander López',
        4,
        13,
        13,
        5,
        5,
        5,
        'JON ANDER',
        'Normal',
        NULL,
        NULL
    ),
    (
        17,
        353,
        'Jorge',
        'Ocaña Jordi',
        3,
        13,
        11,
        2,
        3,
        5,
        'JORDI',
        'Normal',
        NULL,
        NULL
    ),
    (
        2,
        37,
        'Jordi',
        'Johan Cruiff',
        3,
        17,
        14,
        4,
        4,
        4,
        'JORDI CRUIFF',
        'Poca calidad y poco esfuerzo, está jugando por su padre.',
        NULL,
        NULL
    ),
    (
        10,
        193,
        'Jorge',
        'Larena Avellaneda',
        3,
        13,
        27,
        5,
        2,
        3,
        'JORGE',
        'Normal',
        NULL,
        NULL
    ),
    (
        21,
        424,
        'Jorge',
        'López Montaña',
        3,
        13,
        18,
        3,
        5,
        4,
        'JORGE LOPEZ',
        'Normal',
        NULL,
        NULL
    ),
    (
        20,
        443,
        'Jose Ignacio',
        'Sáenz Marin',
        3,
        13,
        14,
        8,
        7,
        8,
        'JOSE IGNACIO',
        'Normal',
        NULL,
        NULL
    ),
    (
        10,
        194,
        'José',
        'Moreno Verdú',
        3,
        13,
        6,
        3,
        5,
        3,
        'JOSICO',
        'Normal',
        NULL,
        NULL
    ),
    (
        18,
        383,
        'Juan',
        'Ginés Sanchez Moreno',
        2,
        13,
        17,
        2,
        1,
        1,
        'JUAN SANCHEZ',
        'Normal',
        NULL,
        NULL
    ),
    (
        20,
        444,
        'Juan',
        'Castaño Quirós',
        3,
        13,
        7,
        8,
        8,
        8,
        'JUANELE',
        'Normal',
        NULL,
        NULL
    ),
    (
        6,
        118,
        'Juan Francisco',
        'García',
        1,
        13,
        14,
        7,
        7,
        7,
        'JUANFRAN',
        'Normal',
        NULL,
        NULL
    ),
    (
        5,
        94,
        'Juanito',
        'Gutierrez',
        1,
        13,
        27,
        5,
        5,
        5,
        'JUANITO',
        'Normal',
        NULL,
        NULL
    ),
    (
        20,
        429,
        'Juan',
        'García Inglés',
        4,
        13,
        1,
        7,
        5,
        6,
        'JUANMI',
        'Normal',
        NULL,
        NULL
    ),
    (
        16,
        317,
        'Juanmi',
        'Gelabert',
        1,
        13,
        12,
        4,
        5,
        5,
        'JUANMI',
        'Normal',
        NULL,
        NULL
    ),
    (
        17,
        339,
        'Julio José',
        'Iglesias Rauget',
        4,
        13,
        13,
        4,
        4,
        4,
        'JULIO IGLESIAS',
        'Normal',
        NULL,
        NULL
    ),
    (
        13,
        249,
        'Francisco Javier',
        'Jusué',
        1,
        13,
        5,
        4,
        4,
        4,
        'JUSUE',
        'Normal',
        NULL,
        NULL
    ),
    (
        1,
        7,
        'Aitor',
        'Karanka de la hoz',
        1,
        13,
        18,
        5,
        5,
        5,
        'KARANKA',
        'Jugador lento, pero con gran colocación en el campo, buen defensa',
        NULL,
        NULL
    ),
    (
        3,
        56,
        'David',
        'Karanka',
        3,
        13,
        21,
        5,
        4,
        5,
        'KARANKA',
        'El hermano de karanka del madrid que ahora está en Bilbao, balón',
        NULL,
        NULL
    ),
    (
        2,
        29,
        'Antonio',
        'Karmona Herrera',
        1,
        13,
        5,
        4,
        4,
        4,
        'KARMONA',
        'Defensa muy duro y al final de su carrera',
        NULL,
        NULL
    ),
    (
        6,
        127,
        'Valery',
        'Karpin',
        3,
        29,
        8,
        7,
        7,
        8,
        'KARPIN',
        'Normal',
        NULL,
        NULL
    ),
    (
        15,
        305,
        'Dimitri',
        'Khokhlov',
        3,
        29,
        19,
        5,
        8,
        5,
        'KHOKHLOV',
        'Normal',
        NULL,
        NULL
    ),
    (
        2,
        24,
        'Enrique',
        'Burgos',
        4,
        13,
        25,
        2,
        2,
        5,
        'KIKE',
        'Portero promesa del futbol español, pero no acaba de encajar',
        NULL,
        NULL
    ),
    (
        4,
        86,
        'Patrick',
        'Kluivert',
        2,
        17,
        9,
        10,
        8,
        9,
        'KLUIVERT',
        'Enorme calidad, poco gol, pero con enorme visión de juego y regate, uno contra uno es muy bueno',
        NULL,
        NULL
    ),
    (
        20,
        438,
        'Slobodan',
        'Komljenovic',
        1,
        35,
        5,
        2,
        2,
        2,
        'KOMLJENOVIC',
        'Normal',
        NULL,
        NULL
    ),
    (
        15,
        294,
        'Bjorn',
        'Tore Kvarme',
        1,
        23,
        2,
        5,
        5,
        4,
        'KVARME',
        'Normal',
        NULL,
        NULL
    ),
    (
        3,
        50,
        'Jesús María',
        'Lacruz Gómez',
        1,
        13,
        12,
        4,
        5,
        4,
        'LACRUZ',
        'Defensa con poca calidad, pero es muy duro',
        NULL,
        NULL
    ),
    (
        3,
        46,
        'Iñaki',
        'Lafuente Sancha',
        4,
        13,
        1,
        4,
        2,
        2,
        'LAFUENTE',
        'Es que el bilbao...',
        NULL,
        NULL
    ),
    (
        20,
        430,
        'César',
        'Lainez Sanjuan',
        4,
        13,
        13,
        4,
        5,
        5,
        'LAINEZ',
        'Normal',
        NULL,
        NULL
    ),
    (
        3,
        51,
        'Iñigo',
        'Larrainzar Santamaria',
        1,
        13,
        2,
        4,
        6,
        1,
        'LARRAINZAR',
        'Buen lateral, con rapidez, como debe ser',
        NULL,
        NULL
    ),
    (
        11,
        208,
        'Txomin',
        'Larrainzar Santamaría',
        1,
        13,
        21,
        6,
        6,
        6,
        'LARRAINZAR',
        'Normal',
        NULL,
        NULL
    ),
    (
        11,
        217,
        'Ivan',
        'Leko',
        3,
        12,
        18,
        4,
        5,
        4,
        'LEKO',
        'Normal',
        NULL,
        NULL
    ),
    (
        13,
        255,
        'Angel',
        'Lekumberri García',
        3,
        13,
        24,
        2,
        3,
        2,
        'LEKUMBERRI',
        'Normal',
        NULL,
        NULL
    ),
    (
        12,
        225,
        'Leonardo',
        'Franco',
        4,
        1,
        25,
        8,
        7,
        8,
        'LEO FRANCO',
        'Normal',
        NULL,
        NULL
    ),
    (
        11,
        205,
        'Carlos Manuel',
        'Oliveira Litos',
        1,
        27,
        4,
        4,
        5,
        6,
        'LITOS',
        'Normal',
        NULL,
        NULL
    ),
    (
        2,
        26,
        'Carlos',
        'Llorens',
        1,
        13,
        20,
        2,
        2,
        5,
        'LLORENS',
        'Lateral diestro muy duro en su juego, o pasa el jugador o el balón, nunca juntos',
        NULL,
        NULL
    ),
    (
        15,
        309,
        'Joseba',
        'Llorente',
        3,
        13,
        16,
        4,
        5,
        5,
        'LLORENTE',
        'Normal',
        NULL,
        NULL
    ),
    (
        14,
        267,
        'Julen',
        'Lopetegui Argote',
        4,
        13,
        13,
        4,
        6,
        6,
        'LOPETEGUI',
        'Normal',
        NULL,
        NULL
    ),
    (
        15,
        297,
        'Aitor',
        'Lopez Rekarte',
        1,
        13,
        14,
        5,
        6,
        4,
        'LOPEZ REKARTE',
        'Normal',
        NULL,
        NULL
    ),
    (
        21,
        408,
        'Javier',
        'López Vallejo',
        4,
        13,
        1,
        4,
        5,
        5,
        'LOPEZ VALLEJO',
        'Normal',
        NULL,
        NULL
    ),
    (
        8,
        169,
        'Alberto',
        'Lopo',
        3,
        13,
        4,
        4,
        5,
        2,
        'LOPO',
        'Normal',
        NULL,
        NULL
    ),
    (
        15,
        298,
        'Lorenzo',
        'Juarros García',
        1,
        13,
        5,
        4,
        5,
        5,
        'LOREN',
        'Normal',
        NULL,
        NULL
    ),
    (
        16,
        325,
        'Lorenzo',
        'Del Pinto',
        3,
        13,
        19,
        4,
        4,
        4,
        'LOREN',
        'Normal',
        NULL,
        NULL
    ),
    (
        6,
        130,
        'Peter',
        'Luccin',
        3,
        15,
        22,
        4,
        4,
        4,
        'LUCCIN',
        'Normal',
        NULL,
        NULL
    ),
    (
        14,
        279,
        'Luis',
        'Cembranos Martínez',
        3,
        13,
        14,
        8,
        6,
        8,
        'LUIS CEMBRANOS',
        'Normal',
        NULL,
        NULL
    ),
    (
        4,
        79,
        'Luis Enrique',
        'Martínez García',
        3,
        13,
        21,
        7,
        8,
        4,
        'LUIS ENRIQUE',
        'Se ha convertido en una máquina, regate, visión de juego y muy mala leche',
        NULL,
        NULL
    ),
    (
        19,
        404,
        'Luis Javier',
        'García',
        2,
        13,
        17,
        4,
        5,
        4,
        'LUIS GARCIA',
        'Normal',
        NULL,
        NULL
    ),
    (
        16,
        334,
        'Luis',
        'Gil Torres',
        2,
        13,
        15,
        2,
        3,
        3,
        'LUIS GIL',
        'Normal',
        NULL,
        NULL
    ),
    (
        5,
        95,
        'Luis',
        'Fernandez',
        1,
        13,
        2,
        6,
        5,
        5,
        'LUIS HERNANDEZ',
        'Normal',
        NULL,
        NULL
    ),
    (
        15,
        296,
        'Luiz',
        'Alberto',
        1,
        6,
        6,
        4,
        6,
        5,
        'LUIZ ALBERTO',
        'Normal',
        NULL,
        NULL
    ),
    (
        12,
        245,
        'Alberto',
        'Luque Martos',
        2,
        13,
        19,
        4,
        4,
        1,
        'LUQUE',
        'Normal',
        NULL,
        NULL
    ),
    (
        17,
        345,
        'Federico',
        'Lussenhoff',
        1,
        1,
        5,
        7,
        5,
        7,
        'LUSSENHOFF',
        'Normal',
        NULL,
        NULL
    ),
    (
        2,
        43,
        'Magno',
        'Mocelin',
        2,
        6,
        11,
        7,
        9,
        5,
        'MAGNO',
        'Muy buen central ofensivo',
        NULL,
        NULL
    ),
    (
        7,
        157,
        'Roy',
        'Makaay',
        2,
        17,
        7,
        4,
        5,
        6,
        'MAKAAY',
        'Normal',
        NULL,
        NULL
    ),
    (
        1,
        16,
        'Claude',
        'Makelele',
        3,
        15,
        24,
        6,
        6,
        6,
        'MAKELELE',
        'El pulmón del mediocentro, destructor del juego y con buena colocación, además tiene calidad y visión de juego',